source,target,status
https://serpmentor.com/dating-posting-sites,https://serpmentor.com/seo/backlinks/dating-posting-sites,301
https://serpmentor.com/blog/dating-posting-sites,https://serpmentor.com/seo/backlinks/dating-posting-sites,301
https://serpmentor.com/uk-posting-sites,https://serpmentor.com/seo/backlinks/uk-posting-sites,301
https://serpmentor.com/blog/uk-posting-sites,https://serpmentor.com/seo/backlinks/uk-posting-sites,301
https://serpmentor.com/best-ai-seo-tools,https://serpmentor.com/seo/best-ai-seo-tools,301
https://serpmentor.com/blog/best-ai-seo-tools,https://serpmentor.com/seo/best-ai-seo-tools,301
https://serpmentor.com/best-linkedin-free-ai-tools,https://serpmentor.com/linkedin/best-linkedin-free-ai-tools,301
https://serpmentor.com/blog/best-linkedin-free-ai-tools,https://serpmentor.com/linkedin/best-linkedin-free-ai-tools,301
https://serpmentor.com/seo-case-study-on-forex-niche,https://serpmentor.com/case-study/seo-case-study-on-forex-niche,301
https://serpmentor.com/blog/seo-case-study-on-forex-niche,https://serpmentor.com/case-study/seo-case-study-on-forex-niche,301
https://serpmentor.com/best-ai-seo-agencies,https://serpmentor.com/seo/best-ai-seo-agencies,301
https://serpmentor.com/blog/best-ai-seo-agencies,https://serpmentor.com/seo/best-ai-seo-agencies,301
https://serpmentor.com/keywords-research,https://serpmentor.com/seo/keywords-research,301
https://serpmentor.com/blog/keywords-research,https://serpmentor.com/seo/keywords-research,301
https://serpmentor.com/seo-keywords-research,https://serpmentor.com/seo/seo-keywords-research,301
https://serpmentor.com/blog/seo-keywords-research,https://serpmentor.com/seo/seo-keywords-research,301
https://serpmentor.com/starter-seo-guide,https://serpmentor.com/seo/starter-seo-guide,301
https://serpmentor.com/blog/starter-seo-guide,https://serpmentor.com/seo/starter-seo-guide,301
https://serpmentor.com/niche-sites-ideas,https://serpmentor.com/seo/niche-sites-ideas,301
https://serpmentor.com/blog/niche-sites-ideas,https://serpmentor.com/seo/niche-sites-ideas,301
https://serpmentor.com/onpage-seo-a-detailed-guide-for-beginners,https://serpmentor.com/seo/onpage-seo-a-detailed-guide-for-beginners,301
https://serpmentor.com/blog/onpage-seo-a-detailed-guide-for-beginners,https://serpmentor.com/seo/onpage-seo-a-detailed-guide-for-beginners,301
https://serpmentor.com/dofollow-backlink-sites,https://serpmentor.com/seo/backlinks/dofollow-backlink-sites,301
https://serpmentor.com/blog/dofollow-backlink-sites,https://serpmentor.com/seo/backlinks/dofollow-backlink-sites,301
https://serpmentor.com/seo-for-your-new-website,https://serpmentor.com/seo/seo-for-your-new-website,301
https://serpmentor.com/blog/seo-for-your-new-website,https://serpmentor.com/seo/seo-for-your-new-website,301
https://serpmentor.com/ultimate-seo-tutorial,https://serpmentor.com/seo/ultimate-seo-tutorial,301
https://serpmentor.com/blog/ultimate-seo-tutorial,https://serpmentor.com/seo/ultimate-seo-tutorial,301
https://serpmentor.com/internal-linking-guide,https://serpmentor.com/seo/internal-linking-guide,301
https://serpmentor.com/blog/internal-linking-guide,https://serpmentor.com/seo/internal-linking-guide,301
https://serpmentor.com/google-e-e-a-t,https://serpmentor.com/seo/google-e-e-a-t,301
https://serpmentor.com/blog/google-e-e-a-t,https://serpmentor.com/seo/google-e-e-a-t,301
https://serpmentor.com/seo-competitor-analysis,https://serpmentor.com/seo/seo-competitor-analysis,301
https://serpmentor.com/blog/seo-competitor-analysis,https://serpmentor.com/seo/seo-competitor-analysis,301
https://serpmentor.com/seo-strategy,https://serpmentor.com/seo/seo-strategy,301
https://serpmentor.com/blog/seo-strategy,https://serpmentor.com/seo/seo-strategy,301
https://serpmentor.com/local-seo-guide,https://serpmentor.com/seo/local-seo-guide,301
https://serpmentor.com/blog/local-seo-guide,https://serpmentor.com/seo/local-seo-guide,301
https://serpmentor.com/off-page-seo-guide,https://serpmentor.com/seo/off-page-seo-guide,301
https://serpmentor.com/blog/off-page-seo-guide,https://serpmentor.com/seo/off-page-seo-guide,301
https://serpmentor.com/seo-crawling-indexing-and-ranking,https://serpmentor.com/seo/seo-crawling-indexing-and-ranking,301
https://serpmentor.com/blog/seo-crawling-indexing-and-ranking,https://serpmentor.com/seo/seo-crawling-indexing-and-ranking,301
https://serpmentor.com/technical-seo,https://serpmentor.com/seo/technical-seo,301
https://serpmentor.com/blog/technical-seo,https://serpmentor.com/seo/technical-seo,301
